Measurement,Matrix Size (n),Seconds,GFLOPS,Precision,Bind
1,2000,,,Single,close
1,2000,,,Double,close
1,2500,,,Single,close
1,2500,,,Double,close
1,3000,,,Single,close
1,3000,,,Double,close
1,3500,,,Single,close
1,3500,,,Double,close
1,4000,,,Single,close
1,4000,,,Double,close
1,4500,,,Single,close
1,4500,,,Double,close
1,5000,,,Single,close
1,5000,,,Double,close
1,5500,,,Single,close
1,5500,,,Double,close
1,6000,,,Single,close
1,6000,,,Double,close
1,6500,,,Single,close
1,6500,,,Double,close
1,7000,,,Single,close
1,7000,,,Double,close
1,7500,,,Single,close
1,7500,,,Double,close
1,8000,,,Single,close
1,8000,,,Double,close
1,8500,,,Single,close
1,8500,,,Double,close
1,9000,,,Single,close
1,9000,,,Double,close
1,9500,,,Single,close
1,9500,,,Double,close
1,10000,,,Single,close
1,10000,,,Double,close
1,10500,,,Single,close
1,10500,,,Double,close
1,11000,,,Single,close
1,11000,,,Double,close
1,11500,,,Single,close
1,11500,,,Double,close
1,12000,,,Single,close
1,12000,,,Double,close
1,12500,,,Single,close
1,12500,,,Double,close
1,13000,,,Single,close
1,13000,,,Double,close
1,13500,,,Single,close
1,13500,,,Double,close
1,14000,,,Single,close
1,14000,,,Double,close
1,14500,,,Single,close
1,14500,,,Double,close
1,15000,,,Single,close
1,15000,,,Double,close
1,15500,,,Single,close
1,15500,,,Double,close
1,16000,,,Single,close
1,16000,,,Double,close
1,16500,,,Single,close
1,16500,,,Double,close
1,17000,,,Single,close
1,17000,,,Double,close
1,17500,,,Single,close
1,17500,,,Double,close
1,18000,,,Single,close
1,18000,,,Double,close
1,18500,,,Single,close
1,18500,,,Double,close
1,19000,,,Single,close
1,19000,,,Double,close
1,19500,,,Single,close
1,19500,,,Double,close
1,20000,,,Single,close
1,20000,,,Double,close
2,2000,,,Single,close
2,2000,,,Double,close
2,2500,,,Single,close
2,2500,,,Double,close
2,3000,,,Single,close
2,3000,,,Double,close
2,3500,,,Single,close
2,3500,,,Double,close
2,4000,,,Single,close
2,4000,,,Double,close
2,4500,,,Single,close
2,4500,,,Double,close
2,5000,,,Single,close
2,5000,,,Double,close
2,5500,,,Single,close
2,5500,,,Double,close
2,6000,,,Single,close
2,6000,,,Double,close
2,6500,,,Single,close
2,6500,,,Double,close
2,7000,,,Single,close
2,7000,,,Double,close
2,7500,,,Single,close
2,7500,,,Double,close
2,8000,,,Single,close
2,8000,,,Double,close
2,8500,,,Single,close
2,8500,,,Double,close
2,9000,,,Single,close
2,9000,,,Double,close
2,9500,,,Single,close
2,9500,,,Double,close
2,10000,,,Single,close
2,10000,,,Double,close
2,10500,,,Single,close
2,10500,,,Double,close
2,11000,,,Single,close
2,11000,,,Double,close
2,11500,,,Single,close
2,11500,,,Double,close
2,12000,,,Single,close
2,12000,,,Double,close
2,12500,,,Single,close
2,12500,,,Double,close
2,13000,,,Single,close
2,13000,,,Double,close
2,13500,,,Single,close
2,13500,,,Double,close
2,14000,,,Single,close
2,14000,,,Double,close
2,14500,,,Single,close
2,14500,,,Double,close
2,15000,,,Single,close
2,15000,,,Double,close
2,15500,,,Single,close
2,15500,,,Double,close
2,16000,,,Single,close
2,16000,,,Double,close
2,16500,,,Single,close
2,16500,,,Double,close
2,17000,,,Single,close
2,17000,,,Double,close
2,17500,,,Single,close
2,17500,,,Double,close
2,18000,,,Single,close
2,18000,,,Double,close
2,18500,,,Single,close
2,18500,,,Double,close
2,19000,,,Single,close
2,19000,,,Double,close
2,19500,,,Single,close
2,19500,,,Double,close
2,20000,,,Single,close
2,20000,,,Double,close
3,2000,,,Single,close
3,2000,,,Double,close
3,2500,,,Single,close
3,2500,,,Double,close
3,3000,,,Single,close
3,3000,,,Double,close
3,3500,,,Single,close
3,3500,,,Double,close
3,4000,,,Single,close
3,4000,,,Double,close
3,4500,,,Single,close
3,4500,,,Double,close
3,5000,,,Single,close
3,5000,,,Double,close
3,5500,,,Single,close
3,5500,,,Double,close
3,6000,,,Single,close
3,6000,,,Double,close
3,6500,,,Single,close
3,6500,,,Double,close
3,7000,,,Single,close
3,7000,,,Double,close
3,7500,,,Single,close
3,7500,,,Double,close
3,8000,,,Single,close
3,8000,,,Double,close
3,8500,,,Single,close
3,8500,,,Double,close
3,9000,,,Single,close
3,9000,,,Double,close
3,9500,,,Single,close
3,9500,,,Double,close
3,10000,,,Single,close
3,10000,,,Double,close
3,10500,,,Single,close
3,10500,,,Double,close
3,11000,,,Single,close
3,11000,,,Double,close
3,11500,,,Single,close
3,11500,,,Double,close
3,12000,,,Single,close
3,12000,,,Double,close
3,12500,,,Single,close
3,12500,,,Double,close
3,13000,,,Single,close
3,13000,,,Double,close
3,13500,,,Single,close
3,13500,,,Double,close
3,14000,,,Single,close
3,14000,,,Double,close
3,14500,,,Single,close
3,14500,,,Double,close
3,15000,,,Single,close
3,15000,,,Double,close
3,15500,,,Single,close
3,15500,,,Double,close
3,16000,,,Single,close
3,16000,,,Double,close
3,16500,,,Single,close
3,16500,,,Double,close
3,17000,,,Single,close
3,17000,,,Double,close
3,17500,,,Single,close
3,17500,,,Double,close
3,18000,,,Single,close
3,18000,,,Double,close
3,18500,,,Single,close
3,18500,,,Double,close
3,19000,,,Single,close
3,19000,,,Double,close
3,19500,,,Single,close
3,19500,,,Double,close
3,20000,,,Single,close
3,20000,,,Double,close
4,2000,,,Single,close
4,2000,,,Double,close
4,2500,,,Single,close
4,2500,,,Double,close
4,3000,,,Single,close
4,3000,,,Double,close
4,3500,,,Single,close
4,3500,,,Double,close
4,4000,,,Single,close
4,4000,,,Double,close
4,4500,,,Single,close
4,4500,,,Double,close
4,5000,,,Single,close
4,5000,,,Double,close
4,5500,,,Single,close
4,5500,,,Double,close
4,6000,,,Single,close
4,6000,,,Double,close
4,6500,,,Single,close
4,6500,,,Double,close
4,7000,,,Single,close
4,7000,,,Double,close
4,7500,,,Single,close
4,7500,,,Double,close
4,8000,,,Single,close
4,8000,,,Double,close
4,8500,,,Single,close
4,8500,,,Double,close
4,9000,,,Single,close
4,9000,,,Double,close
4,9500,,,Single,close
4,9500,,,Double,close
4,10000,,,Single,close
4,10000,,,Double,close
4,10500,,,Single,close
4,10500,,,Double,close
4,11000,,,Single,close
4,11000,,,Double,close
4,11500,,,Single,close
4,11500,,,Double,close
4,12000,,,Single,close
4,12000,,,Double,close
4,12500,,,Single,close
4,12500,,,Double,close
4,13000,,,Single,close
4,13000,,,Double,close
4,13500,,,Single,close
4,13500,,,Double,close
4,14000,,,Single,close
4,14000,,,Double,close
4,14500,,,Single,close
4,14500,,,Double,close
4,15000,,,Single,close
4,15000,,,Double,close
4,15500,,,Single,close
4,15500,,,Double,close
4,16000,,,Single,close
4,16000,,,Double,close
4,16500,,,Single,close
4,16500,,,Double,close
4,17000,,,Single,close
4,17000,,,Double,close
4,17500,,,Single,close
4,17500,,,Double,close
4,18000,,,Single,close
4,18000,,,Double,close
4,18500,,,Single,close
4,18500,,,Double,close
4,19000,,,Single,close
4,19000,,,Double,close
4,19500,,,Single,close
4,19500,,,Double,close
4,20000,,,Single,close
4,20000,,,Double,close
5,2000,,,Single,close
5,2000,,,Double,close
5,2500,,,Single,close
5,2500,,,Double,close
5,3000,,,Single,close
5,3000,,,Double,close
5,3500,,,Single,close
5,3500,,,Double,close
5,4000,,,Single,close
5,4000,,,Double,close
5,4500,,,Single,close
5,4500,,,Double,close
5,5000,,,Single,close
5,5000,,,Double,close
5,5500,,,Single,close
5,5500,,,Double,close
5,6000,,,Single,close
5,6000,,,Double,close
5,6500,,,Single,close
5,6500,,,Double,close
5,7000,,,Single,close
5,7000,,,Double,close
5,7500,,,Single,close
5,7500,,,Double,close
5,8000,,,Single,close
5,8000,,,Double,close
5,8500,,,Single,close
5,8500,,,Double,close
5,9000,,,Single,close
5,9000,,,Double,close
5,9500,,,Single,close
5,9500,,,Double,close
5,10000,,,Single,close
5,10000,,,Double,close
5,10500,,,Single,close
5,10500,,,Double,close
5,11000,,,Single,close
5,11000,,,Double,close
5,11500,,,Single,close
5,11500,,,Double,close
5,12000,,,Single,close
5,12000,,,Double,close
5,12500,,,Single,close
5,12500,,,Double,close
5,13000,,,Single,close
5,13000,,,Double,close
5,13500,,,Single,close
5,13500,,,Double,close
5,14000,,,Single,close
5,14000,,,Double,close
5,14500,,,Single,close
5,14500,,,Double,close
5,15000,,,Single,close
5,15000,,,Double,close
5,15500,,,Single,close
5,15500,,,Double,close
5,16000,,,Single,close
5,16000,,,Double,close
5,16500,,,Single,close
5,16500,,,Double,close
5,17000,,,Single,close
5,17000,,,Double,close
5,17500,,,Single,close
5,17500,,,Double,close
5,18000,,,Single,close
5,18000,,,Double,close
5,18500,,,Single,close
5,18500,,,Double,close
5,19000,,,Single,close
5,19000,,,Double,close
5,19500,,,Single,close
5,19500,,,Double,close
5,20000,,,Single,close
5,20000,,,Double,close
1,2000,,,Single,spread
1,2000,,,Double,spread
1,2500,,,Single,spread
1,2500,,,Double,spread
1,3000,,,Single,spread
1,3000,,,Double,spread
1,3500,,,Single,spread
1,3500,,,Double,spread
1,4000,,,Single,spread
1,4000,,,Double,spread
1,4500,,,Single,spread
1,4500,,,Double,spread
1,5000,,,Single,spread
1,5000,,,Double,spread
1,5500,,,Single,spread
1,5500,,,Double,spread
1,6000,,,Single,spread
1,6000,,,Double,spread
1,6500,,,Single,spread
1,6500,,,Double,spread
1,7000,,,Single,spread
1,7000,,,Double,spread
1,7500,,,Single,spread
1,7500,,,Double,spread
1,8000,,,Single,spread
1,8000,,,Double,spread
1,8500,,,Single,spread
1,8500,,,Double,spread
1,9000,,,Single,spread
1,9000,,,Double,spread
1,9500,,,Single,spread
1,9500,,,Double,spread
1,10000,,,Single,spread
1,10000,,,Double,spread
1,10500,,,Single,spread
1,10500,,,Double,spread
1,11000,,,Single,spread
1,11000,,,Double,spread
1,11500,,,Single,spread
1,11500,,,Double,spread
1,12000,,,Single,spread
1,12000,,,Double,spread
1,12500,,,Single,spread
1,12500,,,Double,spread
1,13000,,,Single,spread
1,13000,,,Double,spread
1,13500,,,Single,spread
1,13500,,,Double,spread
1,14000,,,Single,spread
1,14000,,,Double,spread
1,14500,,,Single,spread
1,14500,,,Double,spread
1,15000,,,Single,spread
1,15000,,,Double,spread
1,15500,,,Single,spread
1,15500,,,Double,spread
1,16000,,,Single,spread
1,16000,,,Double,spread
1,16500,,,Single,spread
1,16500,,,Double,spread
1,17000,,,Single,spread
1,17000,,,Double,spread
1,17500,,,Single,spread
1,17500,,,Double,spread
1,18000,,,Single,spread
1,18000,,,Double,spread
1,18500,,,Single,spread
1,18500,,,Double,spread
1,19000,,,Single,spread
1,19000,,,Double,spread
1,19500,,,Single,spread
1,19500,,,Double,spread
1,20000,,,Single,spread
1,20000,,,Double,spread
2,2000,,,Single,spread
2,2000,,,Double,spread
2,2500,,,Single,spread
2,2500,,,Double,spread
2,3000,,,Single,spread
2,3000,,,Double,spread
2,3500,,,Single,spread
2,3500,,,Double,spread
2,4000,,,Single,spread
2,4000,,,Double,spread
2,4500,,,Single,spread
2,4500,,,Double,spread
2,5000,,,Single,spread
2,5000,,,Double,spread
2,5500,,,Single,spread
2,5500,,,Double,spread
2,6000,,,Single,spread
2,6000,,,Double,spread
2,6500,,,Single,spread
2,6500,,,Double,spread
2,7000,,,Single,spread
2,7000,,,Double,spread
2,7500,,,Single,spread
2,7500,,,Double,spread
2,8000,,,Single,spread
2,8000,,,Double,spread
2,8500,,,Single,spread
2,8500,,,Double,spread
2,9000,,,Single,spread
2,9000,,,Double,spread
2,9500,,,Single,spread
2,9500,,,Double,spread
2,10000,,,Single,spread
2,10000,,,Double,spread
2,10500,,,Single,spread
2,10500,,,Double,spread
2,11000,,,Single,spread
2,11000,,,Double,spread
2,11500,,,Single,spread
2,11500,,,Double,spread
2,12000,,,Single,spread
2,12000,,,Double,spread
2,12500,,,Single,spread
2,12500,,,Double,spread
2,13000,,,Single,spread
2,13000,,,Double,spread
2,13500,,,Single,spread
2,13500,,,Double,spread
2,14000,,,Single,spread
2,14000,,,Double,spread
2,14500,,,Single,spread
2,14500,,,Double,spread
2,15000,,,Single,spread
2,15000,,,Double,spread
2,15500,,,Single,spread
2,15500,,,Double,spread
2,16000,,,Single,spread
2,16000,,,Double,spread
2,16500,,,Single,spread
2,16500,,,Double,spread
2,17000,,,Single,spread
2,17000,,,Double,spread
2,17500,,,Single,spread
2,17500,,,Double,spread
2,18000,,,Single,spread
2,18000,,,Double,spread
2,18500,,,Single,spread
2,18500,,,Double,spread
2,19000,,,Single,spread
2,19000,,,Double,spread
2,19500,,,Single,spread
2,19500,,,Double,spread
2,20000,,,Single,spread
2,20000,,,Double,spread
3,2000,,,Single,spread
3,2000,,,Double,spread
3,2500,,,Single,spread
3,2500,,,Double,spread
3,3000,,,Single,spread
3,3000,,,Double,spread
3,3500,,,Single,spread
3,3500,,,Double,spread
3,4000,,,Single,spread
3,4000,,,Double,spread
3,4500,,,Single,spread
3,4500,,,Double,spread
3,5000,,,Single,spread
3,5000,,,Double,spread
3,5500,,,Single,spread
3,5500,,,Double,spread
3,6000,,,Single,spread
3,6000,,,Double,spread
3,6500,,,Single,spread
3,6500,,,Double,spread
3,7000,,,Single,spread
3,7000,,,Double,spread
3,7500,,,Single,spread
3,7500,,,Double,spread
3,8000,,,Single,spread
3,8000,,,Double,spread
3,8500,,,Single,spread
3,8500,,,Double,spread
3,9000,,,Single,spread
3,9000,,,Double,spread
3,9500,,,Single,spread
3,9500,,,Double,spread
3,10000,,,Single,spread
3,10000,,,Double,spread
3,10500,,,Single,spread
3,10500,,,Double,spread
3,11000,,,Single,spread
3,11000,,,Double,spread
3,11500,,,Single,spread
3,11500,,,Double,spread
3,12000,,,Single,spread
3,12000,,,Double,spread
3,12500,,,Single,spread
3,12500,,,Double,spread
3,13000,,,Single,spread
3,13000,,,Double,spread
3,13500,,,Single,spread
3,13500,,,Double,spread
3,14000,,,Single,spread
3,14000,,,Double,spread
3,14500,,,Single,spread
3,14500,,,Double,spread
3,15000,,,Single,spread
3,15000,,,Double,spread
3,15500,,,Single,spread
3,15500,,,Double,spread
3,16000,,,Single,spread
3,16000,,,Double,spread
3,16500,,,Single,spread
3,16500,,,Double,spread
3,17000,,,Single,spread
3,17000,,,Double,spread
3,17500,,,Single,spread
3,17500,,,Double,spread
3,18000,,,Single,spread
3,18000,,,Double,spread
3,18500,,,Single,spread
3,18500,,,Double,spread
3,19000,,,Single,spread
3,19000,,,Double,spread
3,19500,,,Single,spread
3,19500,,,Double,spread
3,20000,,,Single,spread
3,20000,,,Double,spread
4,2000,,,Single,spread
4,2000,,,Double,spread
4,2500,,,Single,spread
4,2500,,,Double,spread
4,3000,,,Single,spread
4,3000,,,Double,spread
4,3500,,,Single,spread
4,3500,,,Double,spread
4,4000,,,Single,spread
4,4000,,,Double,spread
4,4500,,,Single,spread
4,4500,,,Double,spread
4,5000,,,Single,spread
4,5000,,,Double,spread
4,5500,,,Single,spread
4,5500,,,Double,spread
4,6000,,,Single,spread
4,6000,,,Double,spread
4,6500,,,Single,spread
4,6500,,,Double,spread
4,7000,,,Single,spread
4,7000,,,Double,spread
4,7500,,,Single,spread
4,7500,,,Double,spread
4,8000,,,Single,spread
4,8000,,,Double,spread
4,8500,,,Single,spread
4,8500,,,Double,spread
4,9000,,,Single,spread
4,9000,,,Double,spread
4,9500,,,Single,spread
4,9500,,,Double,spread
4,10000,,,Single,spread
4,10000,,,Double,spread
4,10500,,,Single,spread
4,10500,,,Double,spread
4,11000,,,Single,spread
4,11000,,,Double,spread
4,11500,,,Single,spread
4,11500,,,Double,spread
4,12000,,,Single,spread
4,12000,,,Double,spread
4,12500,,,Single,spread
4,12500,,,Double,spread
4,13000,,,Single,spread
4,13000,,,Double,spread
4,13500,,,Single,spread
4,13500,,,Double,spread
4,14000,,,Single,spread
4,14000,,,Double,spread
4,14500,,,Single,spread
4,14500,,,Double,spread
4,15000,,,Single,spread
4,15000,,,Double,spread
4,15500,,,Single,spread
4,15500,,,Double,spread
4,16000,,,Single,spread
4,16000,,,Double,spread
4,16500,,,Single,spread
4,16500,,,Double,spread
4,17000,,,Single,spread
4,17000,,,Double,spread
4,17500,,,Single,spread
4,17500,,,Double,spread
4,18000,,,Single,spread
4,18000,,,Double,spread
4,18500,,,Single,spread
4,18500,,,Double,spread
4,19000,,,Single,spread
4,19000,,,Double,spread
4,19500,,,Single,spread
4,19500,,,Double,spread
4,20000,,,Single,spread
4,20000,,,Double,spread
5,2000,,,Single,spread
5,2000,,,Double,spread
5,2500,,,Single,spread
5,2500,,,Double,spread
5,3000,,,Single,spread
5,3000,,,Double,spread
5,3500,,,Single,spread
5,3500,,,Double,spread
5,4000,,,Single,spread
5,4000,,,Double,spread
5,4500,,,Single,spread
5,4500,,,Double,spread
5,5000,,,Single,spread
5,5000,,,Double,spread
5,5500,,,Single,spread
5,5500,,,Double,spread
5,6000,,,Single,spread
5,6000,,,Double,spread
5,6500,,,Single,spread
5,6500,,,Double,spread
5,7000,,,Single,spread
5,7000,,,Double,spread
5,7500,,,Single,spread
5,7500,,,Double,spread
5,8000,,,Single,spread
5,8000,,,Double,spread
5,8500,,,Single,spread
5,8500,,,Double,spread
5,9000,,,Single,spread
5,9000,,,Double,spread
5,9500,,,Single,spread
5,9500,,,Double,spread
5,10000,,,Single,spread
5,10000,,,Double,spread
5,10500,,,Single,spread
5,10500,,,Double,spread
5,11000,,,Single,spread
5,11000,,,Double,spread
5,11500,,,Single,spread
5,11500,,,Double,spread
5,12000,,,Single,spread
5,12000,,,Double,spread
5,12500,,,Single,spread
5,12500,,,Double,spread
5,13000,,,Single,spread
5,13000,,,Double,spread
5,13500,,,Single,spread
5,13500,,,Double,spread
5,14000,,,Single,spread
5,14000,,,Double,spread
5,14500,,,Single,spread
5,14500,,,Double,spread
5,15000,,,Single,spread
5,15000,,,Double,spread
5,15500,,,Single,spread
5,15500,,,Double,spread
5,16000,,,Single,spread
5,16000,,,Double,spread
5,16500,,,Single,spread
5,16500,,,Double,spread
5,17000,,,Single,spread
5,17000,,,Double,spread
5,17500,,,Single,spread
5,17500,,,Double,spread
5,18000,,,Single,spread
5,18000,,,Double,spread
5,18500,,,Single,spread
5,18500,,,Double,spread
5,19000,,,Single,spread
5,19000,,,Double,spread
5,19500,,,Single,spread
5,19500,,,Double,spread
5,20000,,,Single,spread
5,20000,,,Double,spread
